<?xml version="1.0" encoding="UTF-8" standalone="yes"?>
<list  version="7.3.0" minorVersion="43" exportUser="ADMIN" exportDateTime="01/15/2015 07:48 AM" description="null"><standardChoice refId="1@StandardChoiceModel"><name>EMSE_EXECUTE_OPTIONS</name><serviceProviderCode>MOOSEJAW</serviceProviderCode><auditModel><auditDate>2014-03-01T14:40:45-08:00</auditDate><auditID>ADMIN</auditID><auditStatus>A</auditStatus></auditModel><standardChoiceValueModels><standardChoiceValue refId="2@StandardChoiceValueModel"><sequenceNBR>105031378</sequenceNBR><serviceProviderCode>MOOSEJAW</serviceProviderCode><auditModel><auditDate>2014-03-01T14:40:45-08:00</auditDate><auditID>ADMIN</auditID><auditStatus>A</auditStatus></auditModel><standardChoiceName>EMSE_EXECUTE_OPTIONS</standardChoiceName><standardChoiceValueI18NModels/><value>SCRIPT</value></standardChoiceValue><standardChoiceValue refId="3@StandardChoiceValueModel"><sequenceNBR>105031379</sequenceNBR><serviceProviderCode>MOOSEJAW</serviceProviderCode><auditModel><auditDate>2014-03-01T14:40:45-08:00</auditDate><auditID>ADMIN</auditID><auditStatus>I</auditStatus></auditModel><standardChoiceName>EMSE_EXECUTE_OPTIONS</standardChoiceName><standardChoiceValueI18NModels/><value>STD_CHOICE</value></standardChoiceValue></standardChoiceValueModels><type>SystemSwitch</type><valueSize>0</valueSize></standardChoice>
<standardChoice refId="1@StandardChoiceModel"><name>EMSE_VARIABLE_BRANCH_PREFIX</name><serviceProviderCode>MOOSEJAW</serviceProviderCode><auditModel><auditDate>2014-03-01T15:37:03-08:00</auditDate><auditID>ADMIN</auditID><auditStatus>A</auditStatus></auditModel><standardChoiceValueModels><standardChoiceValue refId="2@StandardChoiceValueModel"><sequenceNBR>105031312</sequenceNBR><serviceProviderCode>MOOSEJAW</serviceProviderCode><auditModel><auditDate>2015-01-14T13:16:19-08:00</auditDate><auditID>ADMIN</auditID><auditStatus>A</auditStatus></auditModel><description>DUPA</description><standardChoiceName>EMSE_VARIABLE_BRANCH_PREFIX</standardChoiceName><standardChoiceValueI18NModels/><value>DocumentUpdateAfter</value></standardChoiceValue><standardChoiceValue refId="3@StandardChoiceValueModel"><sequenceNBR>105031319</sequenceNBR><serviceProviderCode>MOOSEJAW</serviceProviderCode><auditModel><auditDate>2014-03-01T15:37:03-08:00</auditDate><auditID>ADMIN</auditID><auditStatus>A</auditStatus></auditModel><description>PRA</description><standardChoiceName>EMSE_VARIABLE_BRANCH_PREFIX</standardChoiceName><standardChoiceValueI18NModels/><value>PaymentReceiveAfter</value></standardChoiceValue><standardChoiceValue refId="4@StandardChoiceValueModel"><sequenceNBR>105031320</sequenceNBR><serviceProviderCode>MOOSEJAW</serviceProviderCode><auditModel><auditDate>2014-03-01T15:37:03-08:00</auditDate><auditID>ADMIN</auditID><auditStatus>A</auditStatus></auditModel><description>RIUA</description><standardChoiceName>EMSE_VARIABLE_BRANCH_PREFIX</standardChoiceName><standardChoiceValueI18NModels/><value>RenewalInfoUpdateAfter</value></standardChoiceValue><standardChoiceValue refId="5@StandardChoiceValueModel"><sequenceNBR>105031321</sequenceNBR><serviceProviderCode>MOOSEJAW</serviceProviderCode><auditModel><auditDate>2014-03-01T15:37:03-08:00</auditDate><auditID>ADMIN</auditID><auditStatus>A</auditStatus></auditModel><description>WTUA</description><standardChoiceName>EMSE_VARIABLE_BRANCH_PREFIX</standardChoiceName><standardChoiceValueI18NModels/><value>WorkflowAdhocTaskUpdateAfter</value></standardChoiceValue><standardChoiceValue refId="6@StandardChoiceValueModel"><sequenceNBR>105031322</sequenceNBR><serviceProviderCode>MOOSEJAW</serviceProviderCode><auditModel><auditDate>2014-03-01T15:37:03-08:00</auditDate><auditID>ADMIN</auditID><auditStatus>A</auditStatus></auditModel><description>EUA</description><standardChoiceName>EMSE_VARIABLE_BRANCH_PREFIX</standardChoiceName><standardChoiceValueI18NModels/><value>ExaminationUpdateAfter</value></standardChoiceValue><standardChoiceValue refId="7@StandardChoiceValueModel"><sequenceNBR>105031323</sequenceNBR><serviceProviderCode>MOOSEJAW</serviceProviderCode><auditModel><auditDate>2014-03-01T15:37:03-08:00</auditDate><auditID>ADMIN</auditID><auditStatus>A</auditStatus></auditModel><description>EUB</description><standardChoiceName>EMSE_VARIABLE_BRANCH_PREFIX</standardChoiceName><standardChoiceValueI18NModels/><value>ExaminationUpdateBefore</value></standardChoiceValue><standardChoiceValue refId="8@StandardChoiceValueModel"><sequenceNBR>105031324</sequenceNBR><serviceProviderCode>MOOSEJAW</serviceProviderCode><auditModel><auditDate>2014-03-01T15:37:03-08:00</auditDate><auditID>ADMIN</auditID><auditStatus>A</auditStatus></auditModel><description>IRSA</description><standardChoiceName>EMSE_VARIABLE_BRANCH_PREFIX</standardChoiceName><standardChoiceValueI18NModels/><value>InspectionResultModifyAfter</value></standardChoiceValue><standardChoiceValue refId="9@StandardChoiceValueModel"><sequenceNBR>105031325</sequenceNBR><serviceProviderCode>MOOSEJAW</serviceProviderCode><auditModel><auditDate>2014-03-01T15:37:03-08:00</auditDate><auditID>ADMIN</auditID><auditStatus>A</auditStatus></auditModel><description>IRSA</description><standardChoiceName>EMSE_VARIABLE_BRANCH_PREFIX</standardChoiceName><standardChoiceValueI18NModels/><value>InspectionResultSubmitAfter</value></standardChoiceValue><standardChoiceValue refId="10@StandardChoiceValueModel"><sequenceNBR>105031326</sequenceNBR><serviceProviderCode>MOOSEJAW</serviceProviderCode><auditModel><auditDate>2014-03-01T15:37:03-08:00</auditDate><auditID>ADMIN</auditID><auditStatus>A</auditStatus></auditModel><description>IRSA</description><standardChoiceName>EMSE_VARIABLE_BRANCH_PREFIX</standardChoiceName><standardChoiceValueI18NModels/><value>V360InspectionResultSubmitAfter</value></standardChoiceValue><standardChoiceValue refId="11@StandardChoiceValueModel"><sequenceNBR>105031327</sequenceNBR><serviceProviderCode>MOOSEJAW</serviceProviderCode><auditModel><auditDate>2014-03-01T15:37:03-08:00</auditDate><auditID>ADMIN</auditID><auditStatus>A</auditStatus></auditModel><description>WTUA</description><standardChoiceName>EMSE_VARIABLE_BRANCH_PREFIX</standardChoiceName><standardChoiceValueI18NModels/><value>WorkflowTaskUpdateAfter</value></standardChoiceValue><standardChoiceValue refId="12@StandardChoiceValueModel"><sequenceNBR>105031328</sequenceNBR><serviceProviderCode>MOOSEJAW</serviceProviderCode><auditModel><auditDate>2014-03-01T15:37:03-08:00</auditDate><auditID>ADMIN</auditID><auditStatus>A</auditStatus></auditModel><description>ACAA</description><standardChoiceName>EMSE_VARIABLE_BRANCH_PREFIX</standardChoiceName><standardChoiceValueI18NModels/><value>ApplicationConditionAddAfter</value></standardChoiceValue><standardChoiceValue refId="13@StandardChoiceValueModel"><sequenceNBR>105031329</sequenceNBR><serviceProviderCode>MOOSEJAW</serviceProviderCode><auditModel><auditDate>2014-03-01T15:37:03-08:00</auditDate><auditID>ADMIN</auditID><auditStatus>A</auditStatus></auditModel><description>ACDA</description><standardChoiceName>EMSE_VARIABLE_BRANCH_PREFIX</standardChoiceName><standardChoiceValueI18NModels/><value>ApplicationConditionDeleteAfter</value></standardChoiceValue><standardChoiceValue refId="14@StandardChoiceValueModel"><sequenceNBR>105031330</sequenceNBR><serviceProviderCode>MOOSEJAW</serviceProviderCode><auditModel><auditDate>2014-03-01T15:37:03-08:00</auditDate><auditID>ADMIN</auditID><auditStatus>A</auditStatus></auditModel><description>ACUA</description><standardChoiceName>EMSE_VARIABLE_BRANCH_PREFIX</standardChoiceName><standardChoiceValueI18NModels/><value>ApplicationConditionOfApprovalUpdateAfter</value></standardChoiceValue><standardChoiceValue refId="15@StandardChoiceValueModel"><sequenceNBR>105031331</sequenceNBR><serviceProviderCode>MOOSEJAW</serviceProviderCode><auditModel><auditDate>2014-03-01T15:37:03-08:00</auditDate><auditID>ADMIN</auditID><auditStatus>A</auditStatus></auditModel><description>ACUA</description><standardChoiceName>EMSE_VARIABLE_BRANCH_PREFIX</standardChoiceName><standardChoiceValueI18NModels/><value>ApplicationConditionUpdateAfter</value></standardChoiceValue><standardChoiceValue refId="16@StandardChoiceValueModel"><sequenceNBR>105031332</sequenceNBR><serviceProviderCode>MOOSEJAW</serviceProviderCode><auditModel><auditDate>2014-03-01T15:37:03-08:00</auditDate><auditID>ADMIN</auditID><auditStatus>A</auditStatus></auditModel><description>ADUA</description><standardChoiceName>EMSE_VARIABLE_BRANCH_PREFIX</standardChoiceName><standardChoiceValueI18NModels/><value>ApplicationDetailUpdateAfter</value></standardChoiceValue><standardChoiceValue refId="17@StandardChoiceValueModel"><sequenceNBR>105031333</sequenceNBR><serviceProviderCode>MOOSEJAW</serviceProviderCode><auditModel><auditDate>2014-03-01T15:37:03-08:00</auditDate><auditID>ADMIN</auditID><auditStatus>A</auditStatus></auditModel><description>ASIUA</description><standardChoiceName>EMSE_VARIABLE_BRANCH_PREFIX</standardChoiceName><standardChoiceValueI18NModels/><value>ApplicationSpecificInfoUpdateAfter</value></standardChoiceValue><standardChoiceValue refId="18@StandardChoiceValueModel"><sequenceNBR>105031334</sequenceNBR><serviceProviderCode>MOOSEJAW</serviceProviderCode><auditModel><auditDate>2014-03-01T15:37:03-08:00</auditDate><auditID>ADMIN</auditID><auditStatus>A</auditStatus></auditModel><description>ASUA</description><standardChoiceName>EMSE_VARIABLE_BRANCH_PREFIX</standardChoiceName><standardChoiceValueI18NModels/><value>ApplicationStatusUpdateAfter</value></standardChoiceValue><standardChoiceValue refId="19@StandardChoiceValueModel"><sequenceNBR>105031335</sequenceNBR><serviceProviderCode>MOOSEJAW</serviceProviderCode><auditModel><auditDate>2014-03-01T15:37:03-08:00</auditDate><auditID>ADMIN</auditID><auditStatus>A</auditStatus></auditModel><description>DUA</description><standardChoiceName>EMSE_VARIABLE_BRANCH_PREFIX</standardChoiceName><standardChoiceValueI18NModels/><value>DocumentUploadAfter</value></standardChoiceValue><standardChoiceValue refId="20@StandardChoiceValueModel"><sequenceNBR>105031336</sequenceNBR><serviceProviderCode>MOOSEJAW</serviceProviderCode><auditModel><auditDate>2014-03-01T15:37:03-08:00</auditDate><auditID>ADMIN</auditID><auditStatus>A</auditStatus></auditModel><description>ASB</description><standardChoiceName>EMSE_VARIABLE_BRANCH_PREFIX</standardChoiceName><standardChoiceValueI18NModels/><value>ApplicationSubmitBefore</value></standardChoiceValue><standardChoiceValue refId="21@StandardChoiceValueModel"><sequenceNBR>105031337</sequenceNBR><serviceProviderCode>MOOSEJAW</serviceProviderCode><auditModel><auditDate>2014-03-01T15:37:03-08:00</auditDate><auditID>ADMIN</auditID><auditStatus>A</auditStatus></auditModel><description>ASA</description><standardChoiceName>EMSE_VARIABLE_BRANCH_PREFIX</standardChoiceName><standardChoiceValueI18NModels/><value>ApplicationSubmitAfter</value></standardChoiceValue><standardChoiceValue refId="22@StandardChoiceValueModel"><sequenceNBR>105031338</sequenceNBR><serviceProviderCode>MOOSEJAW</serviceProviderCode><auditModel><auditDate>2014-03-01T15:37:03-08:00</auditDate><auditID>ADMIN</auditID><auditStatus>A</auditStatus></auditModel><description>CRCA</description><standardChoiceName>EMSE_VARIABLE_BRANCH_PREFIX</standardChoiceName><standardChoiceValueI18NModels/><value>ConvertToRealCAPAfter</value></standardChoiceValue><standardChoiceValue refId="23@StandardChoiceValueModel"><sequenceNBR>105031339</sequenceNBR><serviceProviderCode>MOOSEJAW</serviceProviderCode><auditModel><auditDate>2014-03-01T15:37:03-08:00</auditDate><auditID>ADMIN</auditID><auditStatus>A</auditStatus></auditModel><description>WTUB</description><standardChoiceName>EMSE_VARIABLE_BRANCH_PREFIX</standardChoiceName><standardChoiceValueI18NModels/><value>WorkflowTaskUpdateBefore</value></standardChoiceValue><standardChoiceValue refId="24@StandardChoiceValueModel"><sequenceNBR>105031340</sequenceNBR><serviceProviderCode>MOOSEJAW</serviceProviderCode><auditModel><auditDate>2014-03-02T09:15:26-08:00</auditDate><auditID>ADMIN</auditID><auditStatus>A</auditStatus></auditModel><description>PAA</description><standardChoiceName>EMSE_VARIABLE_BRANCH_PREFIX</standardChoiceName><standardChoiceValueI18NModels/><value>ParcelAddAfter</value></standardChoiceValue><standardChoiceValue refId="25@StandardChoiceValueModel"><sequenceNBR>105031341</sequenceNBR><serviceProviderCode>MOOSEJAW</serviceProviderCode><auditModel><auditDate>2014-03-02T09:15:36-08:00</auditDate><auditID>ADMIN</auditID><auditStatus>A</auditStatus></auditModel><description>PAB</description><standardChoiceName>EMSE_VARIABLE_BRANCH_PREFIX</standardChoiceName><standardChoiceValueI18NModels/><value>ParcelAddBefore</value></standardChoiceValue><standardChoiceValue refId="26@StandardChoiceValueModel"><sequenceNBR>105031342</sequenceNBR><serviceProviderCode>MOOSEJAW</serviceProviderCode><auditModel><auditDate>2014-03-02T09:15:48-08:00</auditDate><auditID>ADMIN</auditID><auditStatus>A</auditStatus></auditModel><description>PUA</description><standardChoiceName>EMSE_VARIABLE_BRANCH_PREFIX</standardChoiceName><standardChoiceValueI18NModels/><value>ParcelUpdateAfter</value></standardChoiceValue><standardChoiceValue refId="27@StandardChoiceValueModel"><sequenceNBR>105031343</sequenceNBR><serviceProviderCode>MOOSEJAW</serviceProviderCode><auditModel><auditDate>2014-03-02T09:16:14-08:00</auditDate><auditID>ADMIN</auditID><auditStatus>A</auditStatus></auditModel><description>PPA</description><standardChoiceName>EMSE_VARIABLE_BRANCH_PREFIX</standardChoiceName><standardChoiceValueI18NModels/><value>PaymentProcessingAfter</value></standardChoiceValue><standardChoiceValue refId="28@StandardChoiceValueModel"><sequenceNBR>105031344</sequenceNBR><serviceProviderCode>MOOSEJAW</serviceProviderCode><auditModel><auditDate>2014-03-02T09:16:42-08:00</auditDate><auditID>ADMIN</auditID><auditStatus>A</auditStatus></auditModel><description>PPB</description><standardChoiceName>EMSE_VARIABLE_BRANCH_PREFIX</standardChoiceName><standardChoiceValueI18NModels/><value>PaymentProcessingBefore</value></standardChoiceValue><standardChoiceValue refId="29@StandardChoiceValueModel"><sequenceNBR>105031345</sequenceNBR><serviceProviderCode>MOOSEJAW</serviceProviderCode><auditModel><auditDate>2014-03-02T09:17:02-08:00</auditDate><auditID>ADMIN</auditID><auditStatus>A</auditStatus></auditModel><description>PRB</description><standardChoiceName>EMSE_VARIABLE_BRANCH_PREFIX</standardChoiceName><standardChoiceValueI18NModels/><value>PaymentReceiveBefore</value></standardChoiceValue><standardChoiceValue refId="30@StandardChoiceValueModel"><sequenceNBR>105031346</sequenceNBR><serviceProviderCode>MOOSEJAW</serviceProviderCode><auditModel><auditDate>2014-03-02T09:17:50-08:00</auditDate><auditID>ADMIN</auditID><auditStatus>A</auditStatus></auditModel><description>RSA</description><standardChoiceName>EMSE_VARIABLE_BRANCH_PREFIX</standardChoiceName><standardChoiceValueI18NModels/><value>RegistrationSubmitAfter</value></standardChoiceValue><standardChoiceValue refId="31@StandardChoiceValueModel"><sequenceNBR>105031347</sequenceNBR><serviceProviderCode>MOOSEJAW</serviceProviderCode><auditModel><auditDate>2014-03-02T09:18:54-08:00</auditDate><auditID>ADMIN</auditID><auditStatus>A</auditStatus></auditModel><description>TAAA</description><standardChoiceName>EMSE_VARIABLE_BRANCH_PREFIX</standardChoiceName><standardChoiceValueI18NModels/><value>TimeAccountingAddAfter</value></standardChoiceValue><standardChoiceValue refId="32@StandardChoiceValueModel"><sequenceNBR>105031348</sequenceNBR><serviceProviderCode>MOOSEJAW</serviceProviderCode><auditModel><auditDate>2014-03-02T09:19:11-08:00</auditDate><auditID>ADMIN</auditID><auditStatus>A</auditStatus></auditModel><description>TAUA</description><standardChoiceName>EMSE_VARIABLE_BRANCH_PREFIX</standardChoiceName><standardChoiceValueI18NModels/><value>TimeAccountingUpdateAfter</value></standardChoiceValue><standardChoiceValue refId="33@StandardChoiceValueModel"><sequenceNBR>105031349</sequenceNBR><serviceProviderCode>MOOSEJAW</serviceProviderCode><auditModel><auditDate>2014-03-02T09:19:30-08:00</auditDate><auditID>ADMIN</auditID><auditStatus>A</auditStatus></auditModel><description>PAA</description><standardChoiceName>EMSE_VARIABLE_BRANCH_PREFIX</standardChoiceName><standardChoiceValueI18NModels/><value>V360ParcelAddAfter</value></standardChoiceValue><standardChoiceValue refId="34@StandardChoiceValueModel"><sequenceNBR>105031350</sequenceNBR><serviceProviderCode>MOOSEJAW</serviceProviderCode><auditModel><auditDate>2014-03-02T09:19:44-08:00</auditDate><auditID>ADMIN</auditID><auditStatus>A</auditStatus></auditModel><description>VPA</description><standardChoiceName>EMSE_VARIABLE_BRANCH_PREFIX</standardChoiceName><standardChoiceValueI18NModels/><value>VoidPaymentAfter</value></standardChoiceValue><standardChoiceValue refId="35@StandardChoiceValueModel"><sequenceNBR>105031351</sequenceNBR><serviceProviderCode>MOOSEJAW</serviceProviderCode><auditModel><auditDate>2014-03-02T09:19:56-08:00</auditDate><auditID>ADMIN</auditID><auditStatus>A</auditStatus></auditModel><description>VPB</description><standardChoiceName>EMSE_VARIABLE_BRANCH_PREFIX</standardChoiceName><standardChoiceValueI18NModels/><value>VoidPaymentBefore</value></standardChoiceValue><standardChoiceValue refId="36@StandardChoiceValueModel"><sequenceNBR>105031352</sequenceNBR><serviceProviderCode>MOOSEJAW</serviceProviderCode><auditModel><auditDate>2014-03-02T09:20:14-08:00</auditDate><auditID>ADMIN</auditID><auditStatus>A</auditStatus></auditModel><description>AIUA</description><standardChoiceName>EMSE_VARIABLE_BRANCH_PREFIX</standardChoiceName><standardChoiceValueI18NModels/><value>AdditionalInfoUpdateAfter</value></standardChoiceValue><standardChoiceValue refId="37@StandardChoiceValueModel"><sequenceNBR>105031353</sequenceNBR><serviceProviderCode>MOOSEJAW</serviceProviderCode><auditModel><auditDate>2014-03-02T09:20:25-08:00</auditDate><auditID>ADMIN</auditID><auditStatus>A</auditStatus></auditModel><description>AIUB</description><standardChoiceName>EMSE_VARIABLE_BRANCH_PREFIX</standardChoiceName><standardChoiceValueI18NModels/><value>AdditionalInfoUpdateBefore</value></standardChoiceValue><standardChoiceValue refId="38@StandardChoiceValueModel"><sequenceNBR>105031354</sequenceNBR><serviceProviderCode>MOOSEJAW</serviceProviderCode><auditModel><auditDate>2014-03-02T09:20:46-08:00</auditDate><auditID>ADMIN</auditID><auditStatus>A</auditStatus></auditModel><description>ACDB</description><standardChoiceName>EMSE_VARIABLE_BRANCH_PREFIX</standardChoiceName><standardChoiceValueI18NModels/><value>ApplicationConditionDeleteBefore</value></standardChoiceValue><standardChoiceValue refId="39@StandardChoiceValueModel"><sequenceNBR>105031355</sequenceNBR><serviceProviderCode>MOOSEJAW</serviceProviderCode><auditModel><auditDate>2014-03-02T09:21:15-08:00</auditDate><auditID>ADMIN</auditID><auditStatus>A</auditStatus></auditModel><description>ACUB</description><standardChoiceName>EMSE_VARIABLE_BRANCH_PREFIX</standardChoiceName><standardChoiceValueI18NModels/><value>ApplicationConditionUpdateBefore</value></standardChoiceValue><standardChoiceValue refId="40@StandardChoiceValueModel"><sequenceNBR>105031356</sequenceNBR><serviceProviderCode>MOOSEJAW</serviceProviderCode><auditModel><auditDate>2014-03-02T09:21:34-08:00</auditDate><auditID>ADMIN</auditID><auditStatus>A</auditStatus></auditModel><description>ASIUB</description><standardChoiceName>EMSE_VARIABLE_BRANCH_PREFIX</standardChoiceName><standardChoiceValueI18NModels/><value>ApplicationSpecificInfoUpdateBefore</value></standardChoiceValue><standardChoiceValue refId="41@StandardChoiceValueModel"><sequenceNBR>105031357</sequenceNBR><serviceProviderCode>MOOSEJAW</serviceProviderCode><auditModel><auditDate>2014-03-02T09:21:48-08:00</auditDate><auditID>ADMIN</auditID><auditStatus>A</auditStatus></auditModel><description>ASUB</description><standardChoiceName>EMSE_VARIABLE_BRANCH_PREFIX</standardChoiceName><standardChoiceValueI18NModels/><value>ApplicationStatusUpdateBefore</value></standardChoiceValue><standardChoiceValue refId="42@StandardChoiceValueModel"><sequenceNBR>105031358</sequenceNBR><serviceProviderCode>MOOSEJAW</serviceProviderCode><auditModel><auditDate>2014-03-02T09:22:29-08:00</auditDate><auditID>ADMIN</auditID><auditStatus>A</auditStatus></auditModel><description>CAA</description><standardChoiceName>EMSE_VARIABLE_BRANCH_PREFIX</standardChoiceName><standardChoiceValueI18NModels/><value>ContactAddAfter</value></standardChoiceValue><standardChoiceValue refId="43@StandardChoiceValueModel"><sequenceNBR>105031359</sequenceNBR><serviceProviderCode>MOOSEJAW</serviceProviderCode><auditModel><auditDate>2014-03-02T09:22:51-08:00</auditDate><auditID>ADMIN</auditID><auditStatus>A</auditStatus></auditModel><description>CUB</description><standardChoiceName>EMSE_VARIABLE_BRANCH_PREFIX</standardChoiceName><standardChoiceValueI18NModels/><value>ContactAddBefore</value></standardChoiceValue><standardChoiceValue refId="44@StandardChoiceValueModel"><sequenceNBR>105031360</sequenceNBR><serviceProviderCode>MOOSEJAW</serviceProviderCode><auditModel><auditDate>2014-03-02T09:23:02-08:00</auditDate><auditID>ADMIN</auditID><auditStatus>A</auditStatus></auditModel><description>CEA</description><standardChoiceName>EMSE_VARIABLE_BRANCH_PREFIX</standardChoiceName><standardChoiceValueI18NModels/><value>ContactEditAfter</value></standardChoiceValue><standardChoiceValue refId="45@StandardChoiceValueModel"><sequenceNBR>105031361</sequenceNBR><serviceProviderCode>MOOSEJAW</serviceProviderCode><auditModel><auditDate>2014-03-02T09:23:13-08:00</auditDate><auditID>ADMIN</auditID><auditStatus>A</auditStatus></auditModel><description>CEB</description><standardChoiceName>EMSE_VARIABLE_BRANCH_PREFIX</standardChoiceName><standardChoiceValueI18NModels/><value>ContactEditBefore</value></standardChoiceValue><standardChoiceValue refId="46@StandardChoiceValueModel"><sequenceNBR>105031362</sequenceNBR><serviceProviderCode>MOOSEJAW</serviceProviderCode><auditModel><auditDate>2014-03-02T09:23:23-08:00</auditDate><auditID>ADMIN</auditID><auditStatus>A</auditStatus></auditModel><description>CRA</description><standardChoiceName>EMSE_VARIABLE_BRANCH_PREFIX</standardChoiceName><standardChoiceValueI18NModels/><value>ContactRemoveAfter</value></standardChoiceValue><standardChoiceValue refId="47@StandardChoiceValueModel"><sequenceNBR>105031363</sequenceNBR><serviceProviderCode>MOOSEJAW</serviceProviderCode><auditModel><auditDate>2014-03-02T09:23:36-08:00</auditDate><auditID>ADMIN</auditID><auditStatus>A</auditStatus></auditModel><description>CRB</description><standardChoiceName>EMSE_VARIABLE_BRANCH_PREFIX</standardChoiceName><standardChoiceValueI18NModels/><value>ContactRemoveBefore</value></standardChoiceValue><standardChoiceValue refId="48@StandardChoiceValueModel"><sequenceNBR>105031364</sequenceNBR><serviceProviderCode>MOOSEJAW</serviceProviderCode><auditModel><auditDate>2014-03-02T09:23:59-08:00</auditDate><auditID>ADMIN</auditID><auditStatus>A</auditStatus></auditModel><description>DUB</description><standardChoiceName>EMSE_VARIABLE_BRANCH_PREFIX</standardChoiceName><standardChoiceValueI18NModels/><value>DocumentUploadBefore</value></standardChoiceValue><standardChoiceValue refId="49@StandardChoiceValueModel"><sequenceNBR>105031365</sequenceNBR><serviceProviderCode>MOOSEJAW</serviceProviderCode><auditModel><auditDate>2014-03-02T09:24:15-08:00</auditDate><auditID>ADMIN</auditID><auditStatus>A</auditStatus></auditModel><description>FAA</description><standardChoiceName>EMSE_VARIABLE_BRANCH_PREFIX</standardChoiceName><standardChoiceValueI18NModels/><value>FeeAssessAfter</value></standardChoiceValue><standardChoiceValue refId="50@StandardChoiceValueModel"><sequenceNBR>105031366</sequenceNBR><serviceProviderCode>MOOSEJAW</serviceProviderCode><auditModel><auditDate>2014-03-02T09:24:31-08:00</auditDate><auditID>ADMIN</auditID><auditStatus>A</auditStatus></auditModel><description>FAB</description><standardChoiceName>EMSE_VARIABLE_BRANCH_PREFIX</standardChoiceName><standardChoiceValueI18NModels/><value>FeeAssessBefore</value></standardChoiceValue><standardChoiceValue refId="51@StandardChoiceValueModel"><sequenceNBR>105031367</sequenceNBR><serviceProviderCode>MOOSEJAW</serviceProviderCode><auditModel><auditDate>2014-03-02T09:00:56-08:00</auditDate><auditID>ADMIN</auditID><auditStatus>A</auditStatus></auditModel><description>FEA</description><standardChoiceName>EMSE_VARIABLE_BRANCH_PREFIX</standardChoiceName><standardChoiceValueI18NModels/><value>FeeEstimateAfter4ACA</value></standardChoiceValue><standardChoiceValue refId="52@StandardChoiceValueModel"><sequenceNBR>105031368</sequenceNBR><serviceProviderCode>MOOSEJAW</serviceProviderCode><auditModel><auditDate>2014-03-02T09:01:50-08:00</auditDate><auditID>ADMIN</auditID><auditStatus>A</auditStatus></auditModel><description>ISB</description><standardChoiceName>EMSE_VARIABLE_BRANCH_PREFIX</standardChoiceName><standardChoiceValueI18NModels/><value>InspectionScheduleBefore</value></standardChoiceValue><standardChoiceValue refId="53@StandardChoiceValueModel"><sequenceNBR>105031369</sequenceNBR><serviceProviderCode>MOOSEJAW</serviceProviderCode><auditModel><auditDate>2014-03-02T09:02:14-08:00</auditDate><auditID>ADMIN</auditID><auditStatus>A</auditStatus></auditModel><description>IRSB</description><standardChoiceName>EMSE_VARIABLE_BRANCH_PREFIX</standardChoiceName><standardChoiceValueI18NModels/><value>InspectionResultModifyBefore</value></standardChoiceValue><standardChoiceValue refId="54@StandardChoiceValueModel"><sequenceNBR>105031370</sequenceNBR><serviceProviderCode>MOOSEJAW</serviceProviderCode><auditModel><auditDate>2014-03-02T09:02:33-08:00</auditDate><auditID>ADMIN</auditID><auditStatus>A</auditStatus></auditModel><description>IRSB</description><standardChoiceName>EMSE_VARIABLE_BRANCH_PREFIX</standardChoiceName><standardChoiceValueI18NModels/><value>InspectionResultSubmitBefore</value></standardChoiceValue><standardChoiceValue refId="55@StandardChoiceValueModel"><sequenceNBR>105031371</sequenceNBR><serviceProviderCode>MOOSEJAW</serviceProviderCode><auditModel><auditDate>2014-03-02T09:13:59-08:00</auditDate><auditID>ADMIN</auditID><auditStatus>A</auditStatus></auditModel><description>IFA</description><standardChoiceName>EMSE_VARIABLE_BRANCH_PREFIX</standardChoiceName><standardChoiceValueI18NModels/><value>InvoiceFeeAfter</value></standardChoiceValue><standardChoiceValue refId="56@StandardChoiceValueModel"><sequenceNBR>105031372</sequenceNBR><serviceProviderCode>MOOSEJAW</serviceProviderCode><auditModel><auditDate>2014-03-02T09:14:25-08:00</auditDate><auditID>ADMIN</auditID><auditStatus>A</auditStatus></auditModel><description>LLSA</description><standardChoiceName>EMSE_VARIABLE_BRANCH_PREFIX</standardChoiceName><standardChoiceValueI18NModels/><value>LicProfLookupSubmitAfter</value></standardChoiceValue><standardChoiceValue refId="57@StandardChoiceValueModel"><sequenceNBR>105031373</sequenceNBR><serviceProviderCode>MOOSEJAW</serviceProviderCode><auditModel><auditDate>2014-03-02T09:14:36-08:00</auditDate><auditID>ADMIN</auditID><auditStatus>A</auditStatus></auditModel><description>LLSB</description><standardChoiceName>EMSE_VARIABLE_BRANCH_PREFIX</standardChoiceName><standardChoiceValueI18NModels/><value>LicProfLookupSubmitBefore</value></standardChoiceValue><standardChoiceValue refId="58@StandardChoiceValueModel"><sequenceNBR>105031374</sequenceNBR><serviceProviderCode>MOOSEJAW</serviceProviderCode><auditModel><auditDate>2014-03-02T09:14:54-08:00</auditDate><auditID>ADMIN</auditID><auditStatus>A</auditStatus></auditModel><description>LPUB</description><standardChoiceName>EMSE_VARIABLE_BRANCH_PREFIX</standardChoiceName><standardChoiceValueI18NModels/><value>LicProfUpdateBefore</value></standardChoiceValue><standardChoiceValue refId="59@StandardChoiceValueModel"><sequenceNBR>105031375</sequenceNBR><serviceProviderCode>MOOSEJAW</serviceProviderCode><auditModel><auditDate>2014-03-02T09:15:09-08:00</auditDate><auditID>ADMIN</auditID><auditStatus>A</auditStatus></auditModel><description>LPUA</description><standardChoiceName>EMSE_VARIABLE_BRANCH_PREFIX</standardChoiceName><standardChoiceValueI18NModels/><value>LicProfUpdateAfter</value></standardChoiceValue><standardChoiceValue refId="60@StandardChoiceValueModel"><sequenceNBR>105031376</sequenceNBR><serviceProviderCode>MOOSEJAW</serviceProviderCode><auditModel><auditDate>2014-03-01T15:37:03-08:00</auditDate><auditID>ADMIN</auditID><auditStatus>A</auditStatus></auditModel><description>ISA</description><standardChoiceName>EMSE_VARIABLE_BRANCH_PREFIX</standardChoiceName><standardChoiceValueI18NModels/><value>InspectionMultipleScheduleAfter</value></standardChoiceValue><standardChoiceValue refId="61@StandardChoiceValueModel"><sequenceNBR>105031377</sequenceNBR><serviceProviderCode>MOOSEJAW</serviceProviderCode><auditModel><auditDate>2014-03-02T17:00:27-08:00</auditDate><auditID>ADMIN</auditID><auditStatus>A</auditStatus></auditModel><description>IRSB</description><standardChoiceName>EMSE_VARIABLE_BRANCH_PREFIX</standardChoiceName><standardChoiceValueI18NModels/><value>V360InspectionResultSubmitBefore</value></standardChoiceValue></standardChoiceValueModels><type>SystemSwitch</type><valueSize>0</valueSize></standardChoice>
</list>